Homepage Folder,Source Page,Broken Link,Error,Status Code,Context
Sonatype Developer,https://help.sonatype.com/en/bundle-development.html,https://github.com/sonatype/nexus-public/tree/master/assemblies/,HTTP 404,404,...ion of Nexus Repository. These definitions are found in the assemblies module. The supported distributions are defined in the modu...
Sonatype IQ Server,https://help.sonatype.com/en/download-and-compatibility.html,https://download.sonatype.com/iq/idea/nexus-iq-idea-plugin-4.17.1-01.zip.asc,HTTP 404,404,"nexus-iq-idea-plugin-4.17.1-01.zip ( ASC , SHA1 )"
Sonatype IQ Server,https://help.sonatype.com/en/iq-2023-release-notes.html,urn:resource:component:140135,Invalid URN link in HTML (not a valid web URL),0,...We have added methods to the ??? . Users can retrieve repository configurations using the ne...
Sonatype IQ Server,https://help.sonatype.com/en/iq-2023-release-notes.html,https://plugins.jenkins.io/nexus-jenkins-plugin/,HTTP 404,404,...is actively working to resolve a distribution issue for the nexus-jenkins-plugin . This is a temporary distribution issue and could affect a...
Sonatype IQ Server,https://help.sonatype.com/en/webhooks-concepts--iq-server-and-slack-integration.html,http://slackapi.github.io/node-slack-sdk/,HTTP 404,404,"...Looking at Slack for more information, we found the Slack Developer Kit for Node.js . This kit is great because they have something that makes ..."
Sonatype IQ Server,https://help.sonatype.com/en/iq-for-idea.html,https://download.sonatype.com/iq/idea/nexus-iq-idea-plugin-4.17.1-01.zip.asc,HTTP 404,404,"nexus-iq-idea-plugin-4.17.1-01.zip ( ASC , SHA1 )"
Sonatype IQ Server,https://help.sonatype.com/en/iq-2023-release-notes.html,https://kubernetes.io/docs/tasks/run-application/horizontal-pod-autoscale/,Connection Failed (persistent),0,...oad demands. This capability utilizes the native Kubernetes HorizontalPodAutoScaler feature that deploys more pods in response to increased loa...
Sonatype IQ Server,https://help.sonatype.com/en/iq-2020-release-notes.html,https://support.sonatype.com/hc/en-us/articles/1500000415082-CVE-2020-29436-Nexus-Repository-Manager-3-XML-External-Entities-injection-2020-12-15,Connection Failed (persistent),0,See the CVE-2020-29436 advisory for details.
Sonatype IQ Server,https://help.sonatype.com/en/download-archives---iq-server---cli.html,https://download.sonatype.com/clm/server/nexus-iq-server-1.199.0-01-linux-x86_64.tgz.sha512,Connection Failed (persistent),0,"Linux (x86-64) release 1.199.0-01 ( MD5 , SHA1 , SHA256 , SHA512 )"
Sonatype IQ Server,https://help.sonatype.com/en/download-archives---iq-server---cli.html,https://download.sonatype.com/clm/server/nexus-iq-server-1.200.0-01-bundle.tar.gz.asc,Connection Failed (persistent),0,"nexus-iq-server-200.tar.gz ( ASC , SHA1 )"
Sonatype IQ Server,https://help.sonatype.com/en/download-archives---iq-server---cli.html,https://download.sonatype.com/clm/server/nexus-iq-server-1.199.0-01-linux-aarch_64.tgz,Connection Failed (persistent),0,"Linux (AArch64) release 1.199.0-01 ( MD5 , SHA1 , SHA256 , SHA512 )"
Sonatype IQ Server,https://help.sonatype.com/en/download-archives---iq-server---cli.html,https://download.sonatype.com/clm/server/nexus-iq-server-1.200.0-01-linux_musl-x86_64.tgz.sha1,Connection Failed (persistent),0,"MUSL Linux (x86-64) release 1.200.0-01 ( MD5 , SHA1 , SHA256 , SHA512 )"
Sonatype IQ Server,https://help.sonatype.com/en/download-archives---iq-server---cli.html,https://download.sonatype.com/clm/server/nexus-iq-server-1.201.0-02-bundle.zip.asc,Connection Failed (persistent),0,"nexus-iq-server-201-02.zip ( ASC , SHA1 )"
Sonatype IQ Server,https://help.sonatype.com/en/download-archives---iq-server---cli.html,https://download.sonatype.com/clm/server/nexus-iq-server-1.200.0-01-bundle.zip.asc,Connection Failed (persistent),0,"nexus-iq-server-200.zip ( ASC , SHA1 )"
Sonatype IQ Server,https://help.sonatype.com/en/download-archives---iq-server---cli.html,https://download.sonatype.com/clm/server/nexus-iq-server-1.199.0-01-linux-aarch_64.tgz.sha1,Connection Failed (persistent),0,"Linux (AArch64) release 1.199.0-01 ( MD5 , SHA1 , SHA256 , SHA512 )"
Sonatype IQ Server,https://help.sonatype.com/en/download-archives---iq-server---cli.html,https://download.sonatype.com/clm/server/nexus-iq-server-1.199.0-01-linux_musl-x86_64.tgz,Connection Failed (persistent),0,"MUSL Linux (x86-64) release 1.199.0-01 ( MD5 , SHA1 , SHA256 , SHA512 )"
Sonatype IQ Server,https://help.sonatype.com/en/download-archives---iq-server---cli.html,https://download.sonatype.com/clm/server/nexus-iq-server-1.199.0-01-bundle.tar.gz.asc,Connection Failed (persistent),0,"bundle.tar.gz ( ASC , SHA1 )"
Sonatype IQ Server,https://help.sonatype.com/en/download-archives---iq-server---cli.html,https://download.sonatype.com/clm/server/nexus-iq-server-1.200.0-01-linux-aarch_64.tgz.sha1,Connection Failed (persistent),0,"Linux (AArch64) release 1.200.0-01 ( MD5 , SHA1 , SHA256 , SHA512 )"
Sonatype IQ Server,https://help.sonatype.com/en/download-archives---iq-server---cli.html,https://download.sonatype.com/clm/server/nexus-iq-server-1.199.0-01-linux_musl-x86_64.tgz.md5,Connection Failed (persistent),0,"MUSL Linux (x86-64) release 1.199.0-01 ( MD5 , SHA1 , SHA256 , SHA512 )"
Sonatype IQ Server,https://help.sonatype.com/en/download-archives---iq-server---cli.html,https://download.sonatype.com/clm/server/nexus-iq-server-1.199.0-01-linux_musl-x86_64.tgz.sha512,Connection Failed (persistent),0,"MUSL Linux (x86-64) release 1.199.0-01 ( MD5 , SHA1 , SHA256 , SHA512 )"
Sonatype IQ Server,https://help.sonatype.com/en/download-archives---iq-server---cli.html,https://download.sonatype.com/clm/server/nexus-iq-server-1.200.0-01-bundle.tar.gz,Connection Failed (persistent),0,"nexus-iq-server-200.tar.gz ( ASC , SHA1 )"
Sonatype IQ Server,https://help.sonatype.com/en/download-archives---iq-server---cli.html,https://download.sonatype.com/clm/server/nexus-iq-server-1.199.0-01-linux-x86_64.tgz,Connection Failed (persistent),0,"Linux (x86-64) release 1.199.0-01 ( MD5 , SHA1 , SHA256 , SHA512 )"
Sonatype IQ Server,https://help.sonatype.com/en/download-archives---iq-server---cli.html,https://download.sonatype.com/clm/server/nexus-iq-server-1.199.0-01-linux_musl-x86_64.tgz.sha256,Connection Failed (persistent),0,"MUSL Linux (x86-64) release 1.199.0-01 ( MD5 , SHA1 , SHA256 , SHA512 )"
Sonatype IQ Server,https://help.sonatype.com/en/download-archives---iq-server---cli.html,https://download.sonatype.com/clm/server/nexus-iq-server-1.199.0-01-linux-x86_64.tgz.md5,Connection Failed (persistent),0,"Linux (x86-64) release 1.199.0-01 ( MD5 , SHA1 , SHA256 , SHA512 )"
Sonatype IQ Server,https://help.sonatype.com/en/download-archives---iq-server---cli.html,https://download.sonatype.com/clm/server/nexus-iq-server-1.200.0-01-bundle.zip.sha1,Connection Failed (persistent),0,"nexus-iq-server-200.zip ( ASC , SHA1 )"
Sonatype IQ Server,https://help.sonatype.com/en/download-archives---iq-server---cli.html,https://download.sonatype.com/clm/server/nexus-iq-server-1.200.0-01-linux-x86_64.tgz,Connection Failed (persistent),0,"Linux (x86-64) release 1.200.0-01 ( MD5 , SHA1 , SHA256 , SHA512 )"
Sonatype IQ Server,https://help.sonatype.com/en/download-archives---iq-server---cli.html,https://download.sonatype.com/clm/server/nexus-iq-server-1.200.0-01-linux_musl-x86_64.tgz.sha512,Connection Failed (persistent),0,"MUSL Linux (x86-64) release 1.200.0-01 ( MD5 , SHA1 , SHA256 , SHA512 )"
Sonatype IQ Server,https://help.sonatype.com/en/download-archives---iq-server---cli.html,https://download.sonatype.com/clm/server/nexus-iq-server-1.199.0-01-linux-x86_64.tgz.sha1,Connection Failed (persistent),0,"Linux (x86-64) release 1.199.0-01 ( MD5 , SHA1 , SHA256 , SHA512 )"
Sonatype IQ Server,https://help.sonatype.com/en/download-archives---iq-server---cli.html,https://download.sonatype.com/clm/server/nexus-iq-server-1.199.0-01-windows-x86_64.zip.sha512,Connection Failed (persistent),0,"Windows (x86-64) release 1.199.0-01 ( MD5 , SHA1 , SHA256 , SHA512 )"
Sonatype IQ Server,https://help.sonatype.com/en/download-archives---iq-server---cli.html,https://download.sonatype.com/clm/server/nexus-iq-server-1.199.0-01-windows-x86_64.zip.sha256,Connection Failed (persistent),0,"Windows (x86-64) release 1.199.0-01 ( MD5 , SHA1 , SHA256 , SHA512 )"
Sonatype IQ Server,https://help.sonatype.com/en/download-archives---iq-server---cli.html,https://download.sonatype.com/clm/server/nexus-iq-server-1.201.0-02-bundle.tar.gz.asc,Connection Failed (persistent),0,"nexus-iq-server-201-02.tar.gz ( ASC , SHA1 )"
Sonatype IQ Server,https://help.sonatype.com/en/download-archives---iq-server---cli.html,https://download.sonatype.com/clm/server/nexus-iq-server-1.200.0-01-linux-x86_64.tgz.sha512,Connection Failed (persistent),0,"Linux (x86-64) release 1.200.0-01 ( MD5 , SHA1 , SHA256 , SHA512 )"
Sonatype IQ Server,https://help.sonatype.com/en/download-archives---iq-server---cli.html,https://download.sonatype.com/clm/server/nexus-iq-server-1.200.0-01-windows-x86_64.zip.sha512,Connection Failed (persistent),0,"Windows (x86-64) release 1.200.0-01 ( MD5 , SHA1 , SHA256 , SHA512 )"
Sonatype IQ Server,https://help.sonatype.com/en/download-archives---iq-server---cli.html,https://download.sonatype.com/clm/server/nexus-iq-server-1.200.0-01-linux_musl-x86_64.tgz.sha256,Connection Failed (persistent),0,"MUSL Linux (x86-64) release 1.200.0-01 ( MD5 , SHA1 , SHA256 , SHA512 )"
Sonatype IQ Server,https://help.sonatype.com/en/download-archives---iq-server---cli.html,https://download.sonatype.com/clm/server/nexus-iq-server-1.199.0-01-linux-aarch_64.tgz.sha256,Connection Failed (persistent),0,"Linux (AArch64) release 1.199.0-01 ( MD5 , SHA1 , SHA256 , SHA512 )"
Sonatype IQ Server,https://help.sonatype.com/en/download-archives---iq-server---cli.html,https://download.sonatype.com/clm/server/nexus-iq-server-1.200.0-01-windows-x86_64.zip.sha256,Connection Failed (persistent),0,"Windows (x86-64) release 1.200.0-01 ( MD5 , SHA1 , SHA256 , SHA512 )"
Sonatype IQ Server,https://help.sonatype.com/en/download-archives---iq-server---cli.html,https://download.sonatype.com/clm/server/nexus-iq-server-1.200.0-01-bundle.tar.gz.sha1,Connection Failed (persistent),0,"nexus-iq-server-200.tar.gz ( ASC , SHA1 )"
Sonatype IQ Server,https://help.sonatype.com/en/download-archives---iq-server---cli.html,https://download.sonatype.com/clm/server/nexus-iq-server-1.199.0-01-bundle.tar.gz,Connection Failed (persistent),0,"bundle.tar.gz ( ASC , SHA1 )"
Sonatype IQ Server,https://help.sonatype.com/en/download-archives---iq-server---cli.html,https://download.sonatype.com/clm/server/nexus-iq-server-1.200.0-01-linux-aarch_64.tgz.sha512,Connection Failed (persistent),0,"Linux (AArch64) release 1.200.0-01 ( MD5 , SHA1 , SHA256 , SHA512 )"
Sonatype IQ Server,https://help.sonatype.com/en/download-archives---iq-server---cli.html,https://download.sonatype.com/clm/server/nexus-iq-server-1.199.0-01-linux-x86_64.tgz.sha256,Connection Failed (persistent),0,"Linux (x86-64) release 1.199.0-01 ( MD5 , SHA1 , SHA256 , SHA512 )"
Sonatype IQ Server,https://help.sonatype.com/en/download-archives---iq-server---cli.html,https://download.sonatype.com/clm/server/nexus-iq-server-1.200.0-01-linux_musl-x86_64.tgz,Connection Failed (persistent),0,"MUSL Linux (x86-64) release 1.200.0-01 ( MD5 , SHA1 , SHA256 , SHA512 )"
Sonatype IQ Server,https://help.sonatype.com/en/download-archives---iq-server---cli.html,https://download.sonatype.com/clm/server/nexus-iq-server-1.199.0-01-linux-aarch_64.tgz.md5,Connection Failed (persistent),0,"Linux (AArch64) release 1.199.0-01 ( MD5 , SHA1 , SHA256 , SHA512 )"
Sonatype IQ Server,https://help.sonatype.com/en/download-archives---iq-server---cli.html,https://download.sonatype.com/clm/server/nexus-iq-server-1.200.0-01-linux-aarch_64.tgz,Connection Failed (persistent),0,"Linux (AArch64) release 1.200.0-01 ( MD5 , SHA1 , SHA256 , SHA512 )"
Sonatype IQ Server,https://help.sonatype.com/en/download-archives---iq-server---cli.html,https://download.sonatype.com/clm/server/nexus-iq-server-1.200.0-01-windows-x86_64.zip.md5,Connection Failed (persistent),0,"Windows (x86-64) release 1.200.0-01 ( MD5 , SHA1 , SHA256 , SHA512 )"
Sonatype IQ Server,https://help.sonatype.com/en/download-archives---iq-server---cli.html,https://download.sonatype.com/clm/server/nexus-iq-server-1.199.0-01-bundle.tar.gz.sha1,Connection Failed (persistent),0,"bundle.tar.gz ( ASC , SHA1 )"
Sonatype IQ Server,https://help.sonatype.com/en/download-archives---iq-server---cli.html,https://download.sonatype.com/clm/server/nexus-iq-server-1.200.0-01-windows-x86_64.zip.sha1,Connection Failed (persistent),0,"Windows (x86-64) release 1.200.0-01 ( MD5 , SHA1 , SHA256 , SHA512 )"
Sonatype IQ Server,https://help.sonatype.com/en/download-archives---iq-server---cli.html,https://download.sonatype.com/clm/server/nexus-iq-server-1.199.0-01-bundle.zip.asc,Connection Failed (persistent),0,"bundle.zip ( ASC , SHA1 )"
Sonatype IQ Server,https://help.sonatype.com/en/download-archives---iq-server---cli.html,https://download.sonatype.com/clm/server/nexus-iq-server-1.199.0-01-linux_musl-x86_64.tgz.sha1,Connection Failed (persistent),0,"MUSL Linux (x86-64) release 1.199.0-01 ( MD5 , SHA1 , SHA256 , SHA512 )"
Sonatype IQ Server,https://help.sonatype.com/en/download-archives---iq-server---cli.html,https://download.sonatype.com/clm/server/nexus-iq-server-1.201.0-02-bundle.zip.sha1,Connection Failed (persistent),0,"nexus-iq-server-201-02.zip ( ASC , SHA1 )"
Sonatype IQ Server,https://help.sonatype.com/en/download-archives---iq-server---cli.html,https://download.sonatype.com/clm/server/nexus-iq-server-1.200.0-01-linux-x86_64.tgz.sha1,Connection Failed (persistent),0,"Linux (x86-64) release 1.200.0-01 ( MD5 , SHA1 , SHA256 , SHA512 )"
Sonatype IQ Server,https://help.sonatype.com/en/download-archives---iq-server---cli.html,https://download.sonatype.com/clm/server/nexus-iq-server-1.201.0-02-bundle.tar.gz.sha1,Connection Failed (persistent),0,"nexus-iq-server-201-02.tar.gz ( ASC , SHA1 )"
Sonatype IQ Server,https://help.sonatype.com/en/webhooks-concepts--iq-server-and-slack-integration.html,https://slack.com/signin?redir=%2Fapps%2FA0F7XDUAZ-incoming-webhooks,Connection Failed (persistent),0,Admin access to a Slack workspace with the Incoming Webhooks custom integration installed
Sonatype IQ Server,https://help.sonatype.com/en/webhooks-concepts--iq-server-and-slack-integration.html,https://www.npmjs.com/package/serverless-offline-sns,Connection Failed (persistent),0,Serverless Offline plugin : npm install --save-dev serverless-offline-sns
Sonatype IQ Server,https://help.sonatype.com/en/webhooks-concepts--iq-server-and-slack-integration.html,https://my.slack.com/apps/A0F7XDUAZ-incoming-webhooks,Connection Failed (persistent),0,...Go to the Incoming Webhooks custom integration page (need an Admin account for this). Click Add Configurat...
Sonatype IQ Server,https://help.sonatype.com/en/webhooks-concepts--iq-server-and-slack-integration.html,https://mochajs.org/,Connection Failed (persistent),0,Mocha : npm install --save-dev mocha
Sonatype IQ Server,https://help.sonatype.com/en/iq-for-eclipse.html,https://bugs.eclipse.org/bugs/show_bug.cgi?id=391455,Connection Failed (persistent),0,...start Eclipse. The secure storage bug reported by Eclipse ( see bug details ) could be preventing you from using this feature....
Sonatype IQ Server,https://help.sonatype.com/en/iq-for-eclipse.html,https://marketplace.eclipse.org/content/sonatype-nexus-iq,Connection Failed (persistent),0,The Sonatype for Eclipse integration is available on the Eclipse Marketplace .
Sonatype IQ Server,https://help.sonatype.com/en/webhooks-concepts--iq-server-and-slack-integration.html,https://www.npmjs.com/get-npm,Connection Failed (persistent),0,npm
Sonatype Integrations,https://help.sonatype.com/en/notable-integrations-changes.html,urn:resource:component:252381,Invalid URN link in HTML (not a valid web URL),0,"For full details, see the Sonatype Platform Plugin for Jenkins help documentation ."
Sonatype Integrations,https://help.sonatype.com/en/source-control-integration-best-practices.html,https://github.blog/2020-01-17-bring-your-monorepo-down-to-size-with-sparse-checkout/,Connection Failed (persistent),0,...allows Lifecycle to take advantage of the Shallow Clone and Sparse Checkout features. These improve performance by only downloading rel...
Sonatype Integrations,https://help.sonatype.com/en/source-control-integration-best-practices.html,https://github.blog/2020-12-21-get-up-to-speed-with-partial-clone-and-shallow-clone/,Connection Failed (persistent),0,...ve version of Git allows Lifecycle to take advantage of the Shallow Clone and Sparse Checkout features. These improve performance by ...
Sonatype Integrations,https://help.sonatype.com/en/sonatype-fortify-ssc.html,https://asciinema.org/a/ayZZAOazTqyhv9AsEuNABgo75,Connection Failed (persistent),0,The visual guide shows a quick example of unpacking and running the service.
Sonatype Integrations,https://help.sonatype.com/en/sonatype-for-azure-devops.html,https://marketplace.visualstudio.com/items?itemName=SonatypeIntegrations.nexus-iq-azure-extension,Connection Failed (persistent),0,The Sonatype for Azure DevOps extension is available on the Visual Studio Marketplace .
Sonatype Integrations,https://help.sonatype.com/en/2024-notable-integrations-bug-fixes.html,https://marketplace.visualstudio.com/items?itemName=SonatypeIntegrations.nexus-iq-azure-extension,Connection Failed (persistent),0,...lugin version-to-IQ CLI version mapping can be found in the Visual Studio marketplace ....
Sonatype Integrations,https://help.sonatype.com/en/sonatype-fortify-ssc.html,https://www.microfocus.com/documentation/fortify-software-security-center/2010/SSC_Help_20.1.0/Content/SSC_UG/Gen_Auth_Tokens.htm,Connection Failed (persistent),0,CIToken generated by SSC for an Administrator User.
Sonatype Integrations,https://help.sonatype.com/en/sonatype-fortify-ssc.html,https://marketplace.opentext.com/cybersecurity/content/sonatype-for-fortify-ssc,Connection Failed (persistent),0,Get the Sonatype Lifecycle integration with SSC on the Fortify Marketplace.
Sonatype Integrations,https://help.sonatype.com/en/sonatype-for-azure-devops.html,https://marketplace.visualstudio.com/items?itemName=sariftools.scans,Connection Failed (persistent),0,"...ts task and view it in your build summary by installing the SARIF SAST Scans Tab extension, which adds a Scans tab to the build results UI...."
Sonatype Integrations,https://help.sonatype.com/en/sonatype-for-azure-devops.html,https://spdx.dev/,Connection Failed (persistent),0,"...ifecycle evaluation. It supports both theÂ CycloneDX Â andÂ SPDX Â standards. For configuration steps, see the Installation ..."
Sonatype Integrations,https://help.sonatype.com/en/sonatype-for-bamboo-data-center.html,https://marketplace.atlassian.com/apps/1229508/nexus-iq-for-bamboo,Connection Failed (persistent),0,The Sonatype for Bamboo Data Center integration is available on the Atlassian Marketplace .
Sonatype Integrations,https://help.sonatype.com/en/sonatype-github-actions.html,https://github.com/features/actions,Connection Failed (persistent),0,This integration provides a set of GitHub Actions for interacting with different Sonatype products directly within your GitHub workflows.
Sonatype Integrations,https://help.sonatype.com/en/sonatype-github-actions.html,https://docs.github.com/en/get-started/learning-about-github/about-github-advanced-security,Connection Failed (persistent),0,"...support integration with GitHub Code Scanning, part of theÂ GitHub Advanced SecurityÂ feature , which displays detected vulnerabilities on the GitHub Sec..."
Sonatype Integrations,https://help.sonatype.com/en/sonatype-github-actions.html,https://github.com/marketplace/actions/sonatype-github-actions,Connection Failed (persistent),0,The Sonatype GitHub Actions integration is available on the GitHub Marketplace .
Sonatype Integrations,https://help.sonatype.com/en/sonatype-github-actions.html,https://ant.apache.org/manual/dirtasks.html,Connection Failed (persistent),0,Specify module files to ignore via Â Apache Ant-styled patterns Â .
Sonatype Integrations,https://help.sonatype.com/en/sonatype-github-actions.html,https://spdx.dev/,Connection Failed (persistent),0,...ifecycle evaluation. It supports both theÂ CycloneDX Â andÂ SPDX Â standards....
Sonatype Integrations,https://help.sonatype.com/en/sonatype-for-gitlab-ci.html,https://gitlab.com/explore/catalog/sonatype-integrations/components,Connection Failed (persistent),0,Available on the GitLab CI/CD Catalog .
Sonatype Integrations,https://help.sonatype.com/en/sonatype-for-gitlab-ci.html,https://docs.gitlab.com/ee/ci/components/,Connection Failed (persistent),0,Refer to GitLab Docs for more information about CI Components.
Sonatype Integrations,https://help.sonatype.com/en/sonatype-for-gitlab-ci.html,https://hub.docker.com/r/sonatype/gitlab-nexus-iq-pipeline,Connection Failed (persistent),0,Available as a Docker image on the Docker Hub .
Sonatype Integrations,https://help.sonatype.com/en/sonatype-for-gitlab-ci.html,https://learn.sonatype.com/learn/courses/108/sonatypes-gitlab-ultimate-integration/lessons,Connection Failed (persistent),0,...Lab's Vulnerability Report. See the corresponding course on Sonatype Learn for a video about this feature....
Sonatype Integrations,https://help.sonatype.com/en/ci-cd-pipelines---sonatype-for-gitlab-ci.html,https://hub.docker.com/r/sonatype/gitlab-nexus-iq-pipeline,Connection Failed (persistent),0,See the documentation provided with the image on Docker Hub for details about other options available during policy evaluation
Sonatype Integrations,https://help.sonatype.com/en/ci-cd-pipelines---sonatype-for-gitlab-ci.html,https://docs.gitlab.com/ee/ci/yaml/,Connection Failed (persistent),0,...rious options for pipeline and job definitions is available here . A GitLab pipeline job that performs policy evaluation con...
Sonatype Lifecycle,https://help.sonatype.com/en/custom-vulnerability-attributes.html,https://cwe.mitre.org/about/new_to_cwe.html,Connection Failed (persistent),0,Learn more about CWEs at mitre.org
Sonatype Lifecycle,https://help.sonatype.com/en/security-risk-breakdown.html,http://cwe.mitre.org,Connection Failed (persistent),0,Click on the CWEs on the Y-axis to view the detailed description on cwe.mitre.org
Sonatype Lifecycle,https://help.sonatype.com/en/lifecycle-webhooks.html,https://www.okta.com/identity-101/hmac/,Connection Failed (persistent),0,Hash-based message authentication code (or HMAC) is a cryptographic authentication technique that usesÂ a hash function and a secret key. ( source )
Sonatype Lifecycle,https://help.sonatype.com/en/hugging-face-model-analysis.html,https://www.tensorflow.org/js,Connection Failed (persistent),0,TensorFlow.js
Sonatype Lifecycle,https://help.sonatype.com/en/hugging-face-model-analysis.html,https://www.tensorflow.org/,Connection Failed (persistent),0,TensorFlow
Sonatype Lifecycle,https://help.sonatype.com/en/sonatype-container-security.html,https://podman.io/,Connection Failed (persistent),0,"...If you don't have Docker, you may use Podman as an alternative container runtime. Podman is a daemonless..."
Sonatype Lifecycle,https://help.sonatype.com/en/sonatype-container-security.html,https://docs.docker.com/storage/bind-mounts/,Connection Failed (persistent),0,Details are found in theÂ Docker documentation .
Sonatype Lifecycle,https://help.sonatype.com/en/sonatype-container-security.html,https://www.jenkins.io/doc/pipeline/tour/environment/,Connection Failed (persistent),0,Consult the Jenkins documentation for examples of setting environment variables.
Sonatype Nexus Repository,https://help.sonatype.com/en/nexus-repository-3-35-0-release-notes.html,urn:resource:component:116739,Invalid URN link in HTML (not a valid web URL),0,"...'re new to repository replication, be sure to check out our Repository Replication help documentation ...."
Sonatype Nexus Repository,https://help.sonatype.com/en/resilient-nexus-repository-deployment-to-google-cloud.html,https://github.com/sonatype/nxrm3-ha-repository/blob/NEXUS-42970_add_gcp_doc/sample-gcp-ha-yamls/gcp-ha-namespaces.yaml,HTTP 404,404,Fill out a Namespaces YAML with the correct information for your deployment.
Sonatype Nexus Repository,https://help.sonatype.com/en/deploy-nexus-repository-to-google-cloud.html,https://github.com/sonatype/nxrm3-ha-repository/blob/NEXUS-42970_add_gcp_doc/sample-gcp-ha-yamls/gcp-ha-namespaces.yaml,HTTP 404,404,Fill out a Namespaces YAML with the correct information for your deployment.
Sonatype Nexus Repository,https://help.sonatype.com/en/configurable-repository-fields.html,urn:resource:component:116758/id_SSLandRepositoryConnectorConfiguration-SupportforDockerRegistryAPI,Invalid URN link in HTML (not a valid web URL),0,See Support for Docker Registry API
Sonatype Nexus Repository,https://help.sonatype.com/en/verify-and-repair-data-consistency-tasks.html,urn:resource:element:548829/section-id235438482071306,Invalid URN link in HTML (not a valid web URL),0,See Accessing Reconciliation Reports section for how to retrieve missing binary details via REST API.
Sonatype Nexus Repository,https://help.sonatype.com/en/go-repositories.html,https://github.com/foo/emoji-message,HTTP 404,404,module github.com/foo/emoji-message go 1.12
Sonatype Nexus Repository,https://help.sonatype.com/en/conda-repositories.html,https://conda.anaconda.org/conda-forge,HTTP 404,404,"...ages from remote Anaconda repositories, such as Continuum , Conda-Forge , and Anaconda . Have the Conda client use the Nexus Reposi..."
Sonatype Nexus Repository,https://help.sonatype.com/en/sonatype-nexus-repository-3-78-0-release-notes.html,http://https://github.com/sonatype/docker-nexus3,Connection Failed (persistent),0,"With the addition of ARM architecture being added to the docker image, we are no longer publishing tags to the docker-nexus github repository."
Sonatype Nexus Repository,https://help.sonatype.com/en/logging-configuration.html,https://www.dropwizard.io/en/release-1.3.x/manual/configuration.html,HTTP 404,404,IQ Server uses Dropwizard 1.3.x requestLog configuration
Sonatype Nexus Repository,https://help.sonatype.com/en/logging-configuration.html,https://www.dropwizard.io/en/release-1.3.x/manual/core.html,HTTP 404,404,IQ Server uses Dropwizard 1.3.x logging configuration
Sonatype Nexus Repository,https://help.sonatype.com/en/logging-configuration.html,https://logback.qos.ch/xref/ch/qos/logback/access/PatternLayout.html,HTTP 404,404,"As of IQ Server 1.43, the request log line format is configurable using patterns defined by the Logback Access PatternLayout class."
Sonatype Nexus Repository,https://help.sonatype.com/en/docker-image-analysis.html,https://wiki.jenkins.io/display/JENKINS/Nexus+Platform+Plugin,HTTP 404,404,...evaluation. You need a running instance of Jenkins with the Sonatype Platform plugin to run policy evaluations. Specify an agent node that has D...
Sonatype Nexus Repository,https://help.sonatype.com/en/formats.html,https://helm.sh/,Connection Failed (persistent),0,Manage packages for Kubernetes by accessing Helm Charts in Helm repositories.
Sonatype Nexus Repository,https://help.sonatype.com/en/formats.html,https://golang.org,Connection Failed (persistent),0,"Modernize your development process and store Go (golang) dependencies for fast, repeatable local builds."
Sonatype Nexus Repository,https://help.sonatype.com/en/configure-identity-provider.html,https://admin.google.com/,Connection Failed (persistent),0,Go to the Google Admin Console and select Directory > Organizational units in the left-hand navigation.
Sonatype Nexus Repository,https://help.sonatype.com/en/option-3---high-availability-deployment-in-amazon-web-services--aws-.html,https://kubernetes.io/docs/concepts/overview/working-with-objects/namespaces/,Connection Failed (persistent),0,"...ique within a namespace, but not across namespaces. See the Kubernetes documentation about namespaces for more information...."
Sonatype Nexus Repository,https://help.sonatype.com/en/single-data-center-on-premises-deployment-example-using-kubernetes.html,https://kops.sigs.k8s.io/,Connection Failed (persistent),0,See Kops documentation for an example of how to set up a Kubernetes cluster with one master and two worker nodes using Kops..
Sonatype Nexus Repository,https://help.sonatype.com/en/struts2-frequently-asked-questions.html,https://semmle.com/news/apache-struts-CVE-2018-11776,Connection Failed (persistent),0,https://semmle.com/news/apache-struts-CVE-2018-11776
Sonatype Nexus Repository,https://help.sonatype.com/en/resilient-nexus-repository-deployment-to-google-cloud.html,https://cloud.google.com/kubernetes-engine/docs/how-to/load-balance-ingress,Connection Failed (persistent),0,Follow Google's documentation for setting up an ingress controller in GKE .
Sonatype Nexus Repository,https://help.sonatype.com/en/single-node-cloud-resilient-deployment-example-using-aws.html,https://kubernetes.io/docs/concepts/overview/working-with-objects/namespaces/,Connection Failed (persistent),0,"...ique within a namespace, but not across namespaces. See the Kubernetes documentation about namespaces for more information...."
Sonatype Nexus Repository,https://help.sonatype.com/en/configure-identity-provider.html,https://console.cloud.google.com/,Connection Failed (persistent),0,Go to the Google Developer Console and choose the project to add your new application to or create a new project.
Sonatype Nexus Repository,https://help.sonatype.com/en/deploy-nexus-repository-to-google-cloud.html,https://cloud.google.com/filestore/docs/csi-driver,Connection Failed (persistent),0,This step requires the GKE Filestore CSI driver. Follow Google's documentation to enable the GKE Filestore CSI driver .
Sonatype Nexus Repository,https://help.sonatype.com/en/nexus-repository-3-34-0---3-34-1-release-notes.html,https://support.sonatype.com/hc/en-us/articles/4405941762579,Connection Failed (persistent),0,"...cludes a security fix for an HTTP header injection. See the CVE-2021-40143 advisory for full details. If you are using an earlier version, you ..."
Sonatype Nexus Repository,https://help.sonatype.com/en/deploy-nexus-repository-to-google-cloud.html,https://cloud.google.com/secret-manager/docs/configuring-secret-manager,Connection Failed (persistent),0,Follow Google's documentation for enabling Secret Manager .
Sonatype Nexus Repository,https://help.sonatype.com/en/2024-release-notes.html,https://support.sonatype.com/hc/en-us/articles/35148783422611,Connection Failed (persistent),0,...rocess of secret encryption introduced in this version. See this support article for troubleshooting help....
Sonatype Nexus Repository,https://help.sonatype.com/en/keeping-disk-usage-low.html,https://support.sonatype.com/hc/en-us/articles/360000096228,Connection Failed (persistent),0,What to Do When the Blob Store is Out of Disk Space
Sonatype Nexus Repository,https://help.sonatype.com/en/resilient-nexus-repository-deployment-to-google-cloud.html,https://developers.google.com/workspace/guides/create-project,Connection Failed (persistent),0,Follow Google's documentation to create a project from the Google Cloud console.
Sonatype Nexus Repository,https://help.sonatype.com/en/download-archives---repository-manager-3.html,https://download.sonatype.com/nexus/3/nexus-3.83.0-08-win-x86_64.zip.sha512,Connection Failed (persistent),0,"Nexus Repository 3.83.0 for Windows x86-64 ( MD5 , SHA1 , SHA256 , SHA512 )"
Sonatype Nexus Repository,https://help.sonatype.com/en/sonatype-nexus-repository-3-73-0-release-notes.html,https://support.sonatype.com/hc/en-us/articles/35148783422611,Connection Failed (persistent),0,...rocess of secret encryption introduced in this version. See this support article for troubleshooting help....
Sonatype Nexus Repository,https://help.sonatype.com/en/bower-repositories.html,https://bower.io/docs/config/,Connection Failed (persistent),0,"...multiple files exist, they are merged. Details can be found in Bower configuration documentation ...."
Sonatype Nexus Repository,https://help.sonatype.com/en/deploy-nexus-repository-to-google-cloud.html,https://cloud.google.com/secret-manager/docs/creating-and-accessing-secrets,Connection Failed (persistent),0,Follow Google's documentation for adding secrets via the portal .
Sonatype Nexus Repository,https://help.sonatype.com/en/google-cloud-blob-store.html,https://cloud.google.com/docs/authentication/application-default-credentials,Connection Failed (persistent),0,See Google's documentation about application default credentials .
Sonatype Nexus Repository,https://help.sonatype.com/en/download-archives---repository-manager-3.html,https://download.sonatype.com/nexus/3/nexus-3.81.0-08-linux-x86_64.tar.gz.sha1,Connection Failed (persistent),0,"Nexus Repository 3.81.0 for Linux x86-64 ( MD5 , SHA1 , SHA256 , SHA512 )"
Sonatype Nexus Repository,https://help.sonatype.com/en/nexus-repository-zero-downtime-upgrades.html,https://docs.nginx.com/nginx/admin-guide/load-balancer/http-load-balancer/,Connection Failed (persistent),0,NGINX provides documentation on enabling session persistence .
Sonatype Nexus Repository,https://help.sonatype.com/en/sonatype-nexus-repository-3-68-0-release-notes.html,https://support.sonatype.com/hc/en-us/articles/29416509323923,Connection Failed (persistent),0,See our CVE-2024-4956 KB article for full details.
Sonatype Nexus Repository,https://help.sonatype.com/en/download-archives---repository-manager-3.html,https://download.sonatype.com/nexus/3/nexus-3.86.2-01-win-x86_64.zip.sha512,Connection Failed (persistent),0,"Nexus Repository 3.86.2 for Windows x86-64 ( MD5 , SHA1 , SHA256 , SHA512 )"
Sonatype Nexus Repository,https://help.sonatype.com/en/download-archives---repository-manager-3.html,https://download.sonatype.com/nexus/3/nexus-3.88.0-08-linux-aarch_64.tar.gz.sha256,Connection Failed (persistent),0,"Nexus Repository 3.88.0 for Linux Aarch64 ( MD5 , SHA1 , SHA256 , SHA512 )"
Sonatype Nexus Repository,https://help.sonatype.com/en/deploy-nexus-repository-to-google-cloud.html,https://cloud.google.com/secret-manager/docs/secret-manager-managed-csi-component,Connection Failed (persistent),0,"...f you plan to use Google Cloud Secret Manager, you can also enable the Secret Manager add-on following Google Cloud's documentation . Ensure that the GKE node(s) on which Sonatype Nexus Repos..."
Sonatype Nexus Repository,https://help.sonatype.com/en/download-archives---repository-manager-3.html,https://download.sonatype.com/nexus/3/nexus-3.83.2-01-mac-aarch_64.tar.gz.sha1,Connection Failed (persistent),0,"Nexus Repository 3.83.2 for Mac Aarch64 ( MD5 , SHA1 , SHA256 , SHA512 )"
Sonatype Nexus Repository,https://help.sonatype.com/en/google-cloud-blob-store.html,https://cloud.google.com/storage/docs/buckets,Connection Failed (persistent),0,Follow the GCS naming conventions .
Sonatype Nexus Repository,https://help.sonatype.com/en/resilient-nexus-repository-deployment-to-google-cloud.html,https://cloud.google.com/secret-manager/docs/configuring-secret-manager,Connection Failed (persistent),0,Follow Google's documentation for enabling Secret Manager .
Sonatype Nexus Repository,https://help.sonatype.com/en/nexus-repository-3-30-0---3-30-1-release-notes.html,https://support.sonatype.com/hc/en-us/articles/1500006879561,Connection Failed (persistent),0,Includes a security fix for an Information Disclosure CVE. See the CVE-2021-30635 advisory for details.
Sonatype Nexus Repository,https://help.sonatype.com/en/deploy-nexus-repository-to-google-cloud.html,https://cloud.google.com/kubernetes-engine/docs/how-to/load-balance-ingress,Connection Failed (persistent),0,Follow Google's documentation for setting up an ingress controller in GKE .
Sonatype Nexus Repository,https://help.sonatype.com/en/deploy-nexus-repository-to-google-cloud.html,https://cloud.google.com/storage/docs/creating-buckets,Connection Failed (persistent),0,"...ome reason you wish to create buckets manually, you can use Google's documentation to set up a storage bucket and then begin working with buckets:..."
Sonatype Nexus Repository,https://help.sonatype.com/en/option-2---on-premises-high-availability-deployment-using-kubernetes.html,https://kops.sigs.k8s.io/,Connection Failed (persistent),0,See Kops documentation for an example of how to set up a Kubernetes cluster with one master and two worker nodes using Kops..
Sonatype Nexus Repository,https://help.sonatype.com/en/deploy-nexus-repository-to-google-cloud.html,https://cloud.google.com/sql/docs/postgres/create-instance,Connection Failed (persistent),0,Follow Google's documentation for creating a Cloud SQL for PostgreSQL instance and/or our instructions in the HA GitHub .
Sonatype Nexus Repository,https://help.sonatype.com/en/install-nexus-repository-on-openshift.html,https://kubernetes.io/docs/concepts/services-networking/ingress/,Connection Failed (persistent),0,Follow Kubernetes's documentation for creating a TLS secret and Ingress
Sonatype Nexus Repository,https://help.sonatype.com/en/go-repositories.html,https://sum.golang.org/,Connection Failed (persistent),0,Create a proxy raw repository pointing to https://sum.golang.org ( golang-sum-proxy ).
Sonatype Nexus Repository,https://help.sonatype.com/en/resilient-nexus-repository-deployment-to-google-cloud.html,https://cloud.google.com/filestore/docs/csi-driver,Connection Failed (persistent),0,This step requires the GKE Filestore CSI driver. Follow Google's documentation to enable the GKE Filestore CSI driver .
Sonatype Nexus Repository,https://help.sonatype.com/en/bower-repositories.html,http://bower.io/,Connection Failed (persistent),0,...Bower is a package manager for front-end web development. JavaScr...
Sonatype Nexus Repository,https://help.sonatype.com/en/resilient-nexus-repository-deployment-to-google-cloud.html,https://cloud.google.com/storage/docs/creating-buckets,Connection Failed (persistent),0,"...ome reason you wish to create buckets manually, you can use Google's documentation to set up a storage bucket and then begin working with buckets:..."
Sonatype Nexus Repository,https://help.sonatype.com/en/npm-security.html,https://github.blog/changelog/2022-10-24-npm-v9-0-0-released/,Connection Failed (persistent),0,"...Note that due to breaking changes to authentication introduced in npm version 9, you must inc..."
Sonatype Nexus Repository,https://help.sonatype.com/en/2024-release-notes.html,https://support.sonatype.com/hc/en-us/articles/29416509323923,Connection Failed (persistent),0,...iles outside of Nexus Repository application scope. See our CVE-2024-4956 KB article for full details....
Sonatype Nexus Repository,https://help.sonatype.com/en/deploy-nexus-repository-to-google-cloud.html,https://developers.google.com/workspace/guides/create-project,Connection Failed (persistent),0,Follow Google's documentation to create a project from the Google Cloud console.
Sonatype Nexus Repository,https://help.sonatype.com/en/resilient-nexus-repository-deployment-to-google-cloud.html,https://cloud.google.com/kubernetes-engine/docs/how-to/logging,Connection Failed (persistent),0,Follow Google's documentation for enabling workload logging when creating your GKE cluster .
Sonatype Nexus Repository,https://help.sonatype.com/en/blob-stores.html,https://cloud.google.com/storage-transfer/docs/overview,Connection Failed (persistent),0,See the Google storage transfer service documentation for details.
Sonatype Nexus Repository,https://help.sonatype.com/en/upgrading-nexus-repository-in-an-ha-environment.html,https://kubernetes.io/docs/concepts/workloads/controllers/deployment/,Connection Failed (persistent),0,See the Kubernetes documentation on rolling back a deployment .
Sonatype Nexus Repository,https://help.sonatype.com/en/deploy-nexus-repository-to-google-cloud.html,https://cloud.google.com/kubernetes-engine/docs/how-to/logging,Connection Failed (persistent),0,Follow Google's documentation for enabling workload logging when creating your GKE cluster .
Sonatype Nexus Repository,https://help.sonatype.com/en/google-cloud-blob-store.html,https://cloud.google.com/kms/docs/create-key-ring,Connection Failed (persistent),0,...Use the Google Cloud console or Cloud KMS API to create a Cloud KMS key ring . The key ring region must correspond with where the Nexus ...
Sonatype Nexus Repository,https://help.sonatype.com/en/deploy-nexus-repository-to-google-cloud.html,https://cloud.google.com/kubernetes-engine/docs/how-to/creating-a-zonal-cluster,Connection Failed (persistent),0,"Then, follow Google's documentation to create a GKE cluster ."
Sonatype Nexus Repository,https://help.sonatype.com/en/2021-release-notes.html,https://support.sonatype.com/hc/en-us/articles/4405941762579?_ga=2.144777012.1655145303.1630329522-734262072.1623073293,Connection Failed (persistent),0,Includes a security fix for an HTTP header injection. See the CVE-2021-40143 advisory for details
Sonatype Nexus Repository,https://help.sonatype.com/en/2021-release-notes.html,https://support.sonatype.com/hc/en-us/articles/1500006879561,Connection Failed (persistent),0,Includes a security fix for an Information Disclosure CVE. See the CVE-2021-30635 advisory for details
Sonatype Nexus Repository,https://help.sonatype.com/en/resilient-nexus-repository-deployment-to-google-cloud.html,https://cloud.google.com/kubernetes-engine/docs/how-to/creating-a-zonal-cluster,Connection Failed (persistent),0,"Then, follow Google's documentation to create a GKE cluster ."
Sonatype Nexus Repository,https://help.sonatype.com/en/resilient-nexus-repository-deployment-to-google-cloud.html,https://cloud.google.com/secret-manager/docs/secret-manager-managed-csi-component,Connection Failed (persistent),0,"...f you plan to use Google Cloud Secret Manager, you can also enable the Secret Manager add-on following Google Cloud's documentation . Ensure that the GKE node(s) on which Sonatype Nexus Repos..."
Sonatype Nexus Repository,https://help.sonatype.com/en/nexus-repository-3-37-0---3-37-3-release-notes.html,http://gcr.io,Connection Failed (persistent),0,You can now query image tags via the Registry API for proxied gcr.io as expected.
Sonatype Nexus Repository,https://help.sonatype.com/en/google-cloud-blob-store.html,https://cloud.google.com/iam/docs/keys-create-delete,Connection Failed (persistent),0,See Google's documentation on creating and deleting service account keys .
Sonatype Nexus Repository,https://help.sonatype.com/en/sonatype-nexus-repository-system-requirements.html,https://support.sonatype.com/hc/en-us/articles/360000744687-Understanding-Eclipse-Jetty-9-4-8-Thread-Allocation,Connection Failed (persistent),0,... impact longer-running operations and thread count. See the thread allocation algorithms of the web container ....
Sonatype Nexus Repository,https://help.sonatype.com/en/download-archives---repository-manager-3.html,https://download.sonatype.com/nexus/3/nexus-3.81.0-08-mac-aarch_64.tar.gz.sha256,Connection Failed (persistent),0,"Nexus Repository 3.81.0 for Mac Aarch64 ( MD5 , SHA1 , SHA256 , SHA512 )"
Sonatype Nexus Repository,https://help.sonatype.com/en/download-archives---repository-manager-3.html,https://download.sonatype.com/nexus/3/nexus-3.74.0-05-unix.tar.gz.md5,Connection Failed (persistent),0,"Download nexus-3.74.0-05-unix.tar.gz ( ASC , MD5 , SHA1 , SHA256 , SHA512 )"
Sonatype Nexus Repository,https://help.sonatype.com/en/resilient-nexus-repository-deployment-to-google-cloud.html,https://cloud.google.com/secret-manager/docs/creating-and-accessing-secrets,Connection Failed (persistent),0,Follow Google's documentation for adding secrets via the portal .
Sonatype Nexus Repository,https://help.sonatype.com/en/google-cloud-blob-store.html,https://cloud.google.com/kms/docs/create-key,Connection Failed (persistent),0,"Within the key ring, create a CryptoKey that GCS will use for encryption."
Sonatype Nexus Repository,https://help.sonatype.com/en/helm-repositories.html,https://helm.sh/docs/,Connection Failed (persistent),0,...e commands. More information about Helm can be found in the official documentation . Nexus Repository functions with both Helm2 and Helm3....
Sonatype Nexus Repository,https://help.sonatype.com/en/bower-repositories.html,http://bower.io/search,Connection Failed (persistent),0,The official Bower registry is available for searches at http://bower.io/search and for package retrieval via the URL https://registry.bower.io .
Sonatype Nexus Repository,https://help.sonatype.com/en/helm-repositories.html,https://helm.sh/docs/topics/provenance/,Connection Failed (persistent),0,More information about provenance files can be seen on the Helm website .
Sonatype Nexus Repository,https://help.sonatype.com/en/resilient-nexus-repository-deployment-to-google-cloud.html,https://cloud.google.com/sql/docs/postgres/create-instance,Connection Failed (persistent),0,Follow Google's documentation for creating a Cloud SQL for PostgreSQL instance and/or our instructions in the HA GitHub .
Sonatype Nexus Repository,https://help.sonatype.com/en/docker-registry.html,https://specs.opencontainers.org/distribution-spec/?v=v1.0.1,Connection Failed (persistent),0,See Open Containers Initiative documentation
Sonatype Nexus Repository,https://help.sonatype.com/en/configuring-ssl.html,https://www.eclipse.org/jetty/documentation/jetty-9/index.html,Connection Failed (persistent),0,...y SSL certificate to use. Instructions are available on the Eclipse Jetty 9 documentation site or our SSL Certificate Guide ....
Sonatype Nexus Repository,https://help.sonatype.com/en/conda-repositories.html,https://docs.anaconda.com/anacondaorg/user-guide/packages/private-packages/,Connection Failed (persistent),0,See the Conda documentation on connecting to a private channel
Sonatype Nexus Repository,https://help.sonatype.com/en/gpg-signatures-for-yum-proxy-group.html,https://linux.die.net/man/1/gpg,Connection Failed (persistent),0,Use the following GPG command for generating a GPG keypair:
Sonatype Nexus Repository,https://help.sonatype.com/en/release-specific-upgrade-instructions.html,https://support.sonatype.com/hc/en-us/articles/360058028653-Error-during-SSO-login-Authentication-failed-due-to-SAML-error-after-upgrading-Nexus-Repo-3-or-IQ-Server,Connection Failed (persistent),0,"... if not done you may encounter an authentication error. See Error during SSO login ""Authentication failed due to SAML error"" after upgrading Nexus Repository 3 or IQ Server for more information...."
Sonatype Nexus Repository,https://help.sonatype.com/en/writing-scripts.html,https://support.sonatype.com/hc/en-us/articles/115015812727-Nexus-3-Groovy-Script-development-environment-setup,Connection Failed (persistent),0,"For recommendations on configuring a stable scripting environment and tips from Sonatype, see this knowledge base article ."
Sonatype Nexus Repository,https://help.sonatype.com/en/administration-best-practices.html,https://blog.sonatype.com/new-feature-repository-routing,Connection Failed (persistent),0,Repository Routing Helps Protect Against Dependency Hijacking Attacks
Sonatype Nexus Repository,https://help.sonatype.com/en/administration-best-practices.html,https://support.sonatype.com/hc/en-us/articles/360045220393,Connection Failed (persistent),0,A detailed article covering this change is here: Nexus Repository
Sonatype Nexus Repository,https://help.sonatype.com/en/configuring-the-runtime-environment.html,https://support.sonatype.com/hc/en-us/articles/360000744687,Connection Failed (persistent),0,...Our support article Understanding Eclipse Jetty 9.4.8 Thread Allocation provides details on how allocation works and why at a certa...
Sonatype Nexus Repository,https://help.sonatype.com/en/media-page.html,https://help.sonatype.com/en/404-page.html,Link to 404 error page (likely broken reference),404,Prev
Sonatype Nexus Repository,https://help.sonatype.com/en/nexus-repository-upgrade-paths.html,https://support.sonatype.com/hc/en-us/articles/222159808-How-to-Upgrade-Repository-Manager-3-0-0-m7-to-3-0-0-final,Connection Failed (persistent),0,Upgrade to 3.0.0
Sonatype Nexus Repository,https://help.sonatype.com/en/404-page.html,https://help.sonatype.com/en/404-page.html#content-wrapper,Link to 404 error page (likely broken reference),404,Skip to main content
Sonatype Nexus Repository,https://help.sonatype.com/en/release-specific-upgrade-instructions.html,https://download.sonatype.com/clm/server/nexus-iq-server-1.44.0-01-bundle.tar.gz,Connection Failed (persistent),0,nexus-iq-server-1.44.0-01-bundle.tar.gz
Sonatype Nexus Repository,https://help.sonatype.com/en/ldap-integration.html,http://www.ietf.org/rfc/rfc2831.txt,Connection Failed (persistent),0,"DIGESTMD5 : This is an improvement on the CRAM-MD5 authentication method. For more information, see http://www.ietf.org/rfc/rfc2831.txt ."
Sonatype Nexus Repository,https://help.sonatype.com/en/certificates-and-secure-connections.html,https://www.openssl.org/docs/man1.0.2/man1/pkcs12.html,Connection Failed (persistent),0,...CS12 format be used instead of the default JKS. The Openssl pkcs12 command can create and parse pkcs12 format keystores....
Sonatype Nexus Repository,https://help.sonatype.com/en/certificates-and-secure-connections.html,https://www.openssl.org/docs/manpages.html,Connection Failed (persistent),0,Openssl Openssl is a Cryptography and TLS Toolkit with many powerful command-line utilities .
Sonatype Nexus Repository,https://help.sonatype.com/en/certificates-and-secure-connections.html,https://www.openssl.org/docs/man1.0.2/man1/openssl-s_client.html,Connection Failed (persistent),0,...ou may obtain these yourself by using a client tool such as OpenSSL client or Java keytool to connect to the remote and capture the ce...
Sonatype Nexus Repository,https://help.sonatype.com/en/logging-for-ha.html,http://ndjson.org/,Connection Failed (persistent),0,...The aggregated log files are in ndjson format and located in the shared file system in the /log directory...
Sonatype Nexus Repository,https://help.sonatype.com/en/certificates-and-secure-connections.html,https://www.openssl.org/,Connection Failed (persistent),0,... that PKCS12 format be used instead of the default JKS. The Openssl pkcs12 command can create and parse pkcs12 format keystores...
Sonatype Nexus Repository,https://help.sonatype.com/en/python-application-analysis.html,https://pip.pypa.io/en/stable/reference/pip_freeze/,Connection Failed (persistent),0,Use pip freeze to create the requirements file.
Sonatype Nexus Repository,https://help.sonatype.com/en/certificates-and-secure-connections.html,https://searchsecurity.techtarget.com/definition/Transport-Layer-Security-TLS,Connection Failed (persistent),0,...Transport Layer Security ( TLS ) is a standard security protocol for creating an encrypted...
Sonatype Nexus Repository,https://help.sonatype.com/en/certificates-and-secure-connections.html,https://www.techopedia.com/definition/5594/java-development-kit-jdk,Connection Failed (persistent),0,... command-line program comes with the Java Development Kit ( JDK ). The examples in this guide will use keytool. For more in...
Sonatype Nexus Repository,https://help.sonatype.com/en/swift-application-analysis.html,https://guides.cocoapods.org/using/pod-install-vs-update.html,Connection Failed (persistent),0,See the Cocoapod documentation for details on updating dependencies.
Sonatype Nexus Repository,https://help.sonatype.com/en/swift-application-analysis.html,https://cocoapods.org/pods/Index,Connection Failed (persistent),0,Podfile.lock - - CocoaPods is a dependency manager for Swift and Objective-C Cocoa projects .
Sonatype Nexus Repository,https://help.sonatype.com/en/swift-application-analysis.html,https://swiftpackageindex.com/,Connection Failed (persistent),0,"...ge Manager (SPM) is a tool for managing the distribution of Swift packages . SPM is similar to Cocoapods, Ruby Gems, and NPM. You can ..."
Sonatype Nexus Repository,https://help.sonatype.com/en/swift-application-analysis.html,https://guides.cocoapods.org/using/using-cocoapods.html,Connection Failed (persistent),0,Podfile.lock - - CocoaPods is a dependency manager for Swift and Objective-C Cocoa projects .
Sonatype Nexus Repository,https://help.sonatype.com/en/data-insights.html,https://looker.com/,Connection Failed (persistent),0,Your browser has no restrictions on accessing â*. looker.com â URLs
Sonatype Nexus Repository,https://help.sonatype.com/en/dart-and-flutter-analysis.html,https://pub.dev/,Connection Failed (persistent),0,Dart and Flutter scanning supports coordinate-based matching of Dart and Flutter packages from the pub package manager pub.dev .
Sonatype Nexus Repository,https://help.sonatype.com/en/certificates-and-secure-connections.html,https://support.sonatype.com/hc/en-us/articles/360037231413,Connection Failed (persistent),0,We have an article describing how to determine which outbound TLS connection truststore is being used by IQ Server .
Sonatype Nexus Repository,https://help.sonatype.com/en/ldap-integration.html,http://www.ietf.org/rfc/rfc2251.txt,Connection Failed (persistent),0,"...ion approaches, see http://www.ietf.org/rfc/rfc2829.txt and http://www.ietf.org/rfc/rfc2251.txt ...."
Sonatype Nexus Repository,https://help.sonatype.com/en/docker-image-analysis.html,https://hub.docker.com/r/webgoat/webgoat-7.1/,Connection Failed (persistent),0,...gent node that has Docker installed . This example uses the webgoat-7.1 image...
Sonatype Nexus Repository,https://help.sonatype.com/en/certificates-and-secure-connections.html,https://www.baeldung.com/java-ssl,Connection Failed (persistent),0,Introduction to SSL in Java on Baeldung.
Sonatype Nexus Repository,https://help.sonatype.com/en/certificates-and-secure-connections.html,https://tools.ietf.org/html/rfc1421,Connection Failed (persistent),0,"...Privacy Enhanced Mail (PEM) encoding, defined by RFC 1421 Certificate Encoding Standard is a printable text base64 encoding of ASN.1/DER binary con..."
Sonatype Nexus Repository,https://help.sonatype.com/en/go-application-analysis.html,https://index.golang.org/index,Connection Failed (persistent),0,"...ecurity, License, and Identity data for Go modules found on golang.org public repository...."
Sonatype Nexus Repository,https://help.sonatype.com/en/reference-policies.html,https://support.sonatype.com/hc/en-us/articles/360008133574-How-to-Export-Policy-from-IQ-Server,Connection Failed (persistent),0,See this knowledge base article on how to export policy .
Sonatype Nexus Repository,https://help.sonatype.com/en/certificates-and-secure-connections.html,https://dzone.com/articles/ssl-in-java,Connection Failed (persistent),0,Everything About HTTPS and SSL (Java) on DZone.
Sonatype Nexus Repository,https://help.sonatype.com/en/certificates-and-secure-connections.html,https://www.eclipse.org/jetty/,Connection Failed (persistent),0,Embedded with the IQ Server is the web container Eclipse Jetty . Jetty handles inbound HTTPS connections on behalf of IQ Server.
Sonatype Nexus Repository,https://help.sonatype.com/en/waiver-best-practices.html,https://learn.sonatype.com/what-is-component-security-risk/,Connection Failed (persistent),0,What is Component Security Risk?
Sonatype Nexus Repository,https://help.sonatype.com/en/waiver-best-practices.html,https://learn.sonatype.com/what-is-component-license-risk/,Connection Failed (persistent),0,What is Component License Risk?
Sonatype Nexus Repository,https://help.sonatype.com/en/waiver-best-practices.html,https://learn.sonatype.com/what-is-component-quality-risk/,Connection Failed (persistent),0,What is Component Quality Risk?
Sonatype Nexus Repository,https://help.sonatype.com/en/waiver-best-practices.html,https://learn.sonatype.com/definitive-guide-series/,Connection Failed (persistent),0,Definitive Guide to Open Source Component Best Practices
Sonatype Nexus Repository,https://help.sonatype.com/en/java-application-analysis.html,https://stackoverflow.com/questions/49810578/what-is-a-shaded-jar-and-what-is-the-difference-similarities-between-uber-jar-a,Connection Failed (persistent),0,...Uber jars are a way to include dependencies by copying in their conte...
Sonatype Nexus Repository,https://help.sonatype.com/en/enterprise-reporting.html,https://looker.com/,Connection Failed (persistent),0,Your browser has no restrictions on accessing â* .looker.com â URLs.
Sonatype Nexus Repository,https://help.sonatype.com/en/java-application-analysis.html,https://support.sonatype.com/hc/en-us/articles/360000387687,Connection Failed (persistent),0,...The Lifecycle scanner does not support scanning a `.apk` directly due to the compilers converting the open-source co...
Sonatype Nexus Repository,https://help.sonatype.com/en/installation-and-configuration---sonatype-for-bamboo-data-center.html,https://ant.apache.org/manual/dirtasks.html,Connection Failed (persistent),0,...A comma-separated list of Ant-style patterns relative to the workspace root that denote the module infor...
Sonatype Nexus Repository,https://help.sonatype.com/en/installation-and-configuration---sonatype-for-bamboo-data-center.html,https://marketplace.atlassian.com/apps/1229508/nexus-iq-for-bamboo,Connection Failed (persistent),0,Older versions can be found at the Atlassian Marketplace .
Sonatype Nexus Repository,https://help.sonatype.com/en/release-integrity.html,https://www.npmjs.com/package/@sonatype/policy-demo,Connection Failed (persistent),0,"...natype data team maintains sample malicious components forÂ npm ,Â maven , python ,Â hugging face, and nuget projects to us..."
Sonatype Nexus Repository,https://help.sonatype.com/en/installation-and-configuration---sonatype-for-bamboo-data-center.html,https://marketplace.atlassian.com/apps/1229508/sonatype-for-bamboo-data-center/version-history,Connection Failed (persistent),0,Older versions can be found at the Atlassian Marketplace .
Sonatype Nexus Repository,https://help.sonatype.com/en/installation-and-configuration---sonatype-for-bamboo-data-center.html,https://confluence.atlassian.com/bamboo/bamboo-specs-894743906.html,Connection Failed (persistent),0,"...nfigure/add Sonatype Lifecycle Analysis task as code, using Bamboo Specs . This way you can automate your build plans by fetching it..."
Sonatype Nexus Repository,https://help.sonatype.com/en/installation-and-configuration---sonatype-for-azure-devops.html,https://dev.azure.com/,Connection Failed (persistent),0,Sign in to your Azure DevOps account at https://dev.azure.com .
Sonatype Nexus Repository,https://help.sonatype.com/en/jfrog-artifactory-plugin-configuration-rest-api.html,https://jfrog.com/help/r/jfrog-rest-apis/reload-plugins,Connection Failed (persistent),0,...lugin by calling the following custom implementation of the JFrog reload plugins endpoint . This endpoint reloads the plugin when modifications are m...
Sonatype Nexus Repository,https://help.sonatype.com/en/policy-compliant-component-selection.html,https://www.jfrog.com/confluence/display/JFROG/Advanced+Settings,Connection Failed (persistent),0,...mpliant Component Selection can be improved by reducing the Metadata Retrieval Cache Period configuration setting in Artifactory to one hour or less....
Sonatype Nexus Repository,https://help.sonatype.com/en/jfrog-artifactory-setup.html,https://www.jfrog.com/confluence/display/RTF/Artifactory+Log+Files,Connection Failed (persistent),0,"... Artifactory logging and modify logged information, see the JFrog Artifactory documentation..."
Sonatype SBOM Manager,https://help.sonatype.com/en/sbom-import.html,https://www.sonatype.com/blog/how-to-convert-your-sbom-between-spdx-and-cyclonedx-formats,Connection Failed (persistent),0,...Review our blog post to learn more about comparing and converting between SBOM formats and the CycloneDX documentation on the high-level overview ...
Sonatype SBOM Manager,https://help.sonatype.com/en/sbom-dashboard-view.html,https://help.sonatype.com/en/sbom-setting-up-your-tenant.html,Connection Failed (persistent),0,Prev
Sonatype SBOM Manager,https://help.sonatype.com/en/sbom-vex-workflow.html,https://cyclonedx.org/docs/1.5/json/,Connection Failed (persistent),0,...nnotation for a vulnerability. Details are sourced from the CycloneDX specifications . The analysis status is the only required field....
